<?xml version="1.0" encoding="UTF-8"?>
<databaseChangeLog xmlns="http://www.liquibase.org/xml/ns/dbchangelog"
                   xmlns:xsi="http://www.w3.org/2001/XMLSchema-instance"
                   xsi:schemaLocation="http://www.liquibase.org/xml/ns/dbchangelog
                   https://www.liquibase.org/xml/ns/dbchangelog/dbchangelog-latest.xsd">

    <changeSet id="0" author="admin">

    </changeSet>
    <include file="create_table_user.sql" relativeToChangelogFile="true"/>
    <include file="insert_into_user.sql" relativeToChangelogFile="true"/>

    <include file="create_table_permission.sql" relativeToChangelogFile="true"/>
    <include file="insert_into_permission.sql" relativeToChangelogFile="true"/>

    <include file="create_table_allocate.sql" relativeToChangelogFile="true"/>
    <include file="insert_into_allocate.sql" relativeToChangelogFile="true"/>
</databaseChangeLog>